STRUCTURE,STRUCTURE_ID,STRUCTURE_NAME,ACTION,FREQ,Frequency of observation,REF_AREA,Reference area,MEASURE,Measure,UNIT_MEASURE,Unit of measure,SECTOR,Institutional sector,EDITION,Edition,CATEGORY,Category,TIME_PERIOD,Time period,OBS_VALUE,Observation value,OBS_STATUS,Observation status,UNIT_MULT,Unit multiplier,PRICE_BASE,Price base,BASE_PER,Base period
DATAFLOW,OECD.GOV.GIP:DSD_GOV@DF_GOV_PF_2025(1.0),"Public finance main indicators - government at a glance, 2025 edition",I,A,Annual,AUS,Australia,GE,Government expenditures,USD_PPP,"US dollars, PPP converted",S13,General government,2025,2025,PF,Public finance,2023,,754309.38,,A,Normal value,6,Millions,V,Current prices,,
DATAFLOW,OECD.GOV.GIP:DSD_GOV@DF_GOV_PF_2025(1.0),"Public finance main indicators - government at a glance, 2025 edition",I,A,Annual,AUT,Austria,GE,Government expenditures,USD_PPP,"US dollars, PPP converted",S13,General government,2025,2025,PF,Public finance,2022,,339790.4,,A,Normal value,6,Millions,V,Current prices,,
DATAFLOW,OECD.GOV.GIP:DSD_GOV@DF_GOV_PF_2025(1.0),"Public finance main indicators - government at a glance, 2025 edition",I,A,Annual,BEL,Belgium,GE,Government expenditures,USD_PPP,"US dollars, PPP converted",S13,General government,2025,2025,PF,Public finance,2024,,454073.55,,P,Provisional value,6,Millions,V,Current prices,,
DATAFLOW,OECD.GOV.GIP:DSD_GOV@DF_GOV_PF_2025(1.0),"Public finance main indicators - government at a glance, 2025 edition",I,A,Annual,CAN,Canada,GE,Government expenditures,USD_PPP,"US dollars, PPP converted",S13,General government,2025,2025,PF,Public finance,2022,,1024671.11,,A,Normal value,6,Millions,V,Current prices,,
DATAFLOW,OECD.GOV.GIP:DSD_GOV@DF_GOV_PF_2025(1.0),"Public finance main indicators - government at a glance, 2025 edition",I,A,Annual,CHL,Chile,GE,Government expenditures,USD_PPP,"US dollars, PPP converted",S13,General government,2025,2025,PF,Public finance,2023,,181891.89,,A,Normal value,6,Millions,V,Current prices,,
DATAFLOW,OECD.GOV.GIP:DSD_GOV@DF_GOV_PF_2025(1.0),"Public finance main indicators - government at a glance, 2025 edition",I,A,Annual,COL,Colombia,GE,Government expenditures,USD_PPP,"US dollars, PPP converted",S13,General government,2025,2025,PF,Public finance,2022,,495438.24,,A,Normal value,6,Millions,V,Current prices,,
DATAFLOW,OECD.GOV.GIP:DSD_GOV@DF_GOV_PF_2025(1.0),"Public finance main indicators - government at a glance, 2025 edition",I,A,Annual,CRI,Costa Rica,GE,Government expenditures,PT_B1GQ,Percentage of GDP,S13,General government,2025,2025,PF,Public finance,2023,,40.88,,E,Estimated value,0,Units,_Z,Not applicable,,
DATAFLOW,OECD.GOV.GIP:DSD_GOV@DF_GOV_PF_2025(1.0),"Public finance main indicators - government at a glance, 2025 edition",I,A,Annual,CZE,Czechia,GE,Government expenditures,USD_PPP,"US dollars, PPP converted",S13,General government,2025,2025,PF,Public finance,2022,,237236.02,,A,Normal value,6,Millions,V,Current prices,,
DATAFLOW,OECD.GOV.GIP:DSD_GOV@DF_GOV_PF_2025(1.0),"Public finance main indicators - government at a glance, 2025 edition",I,A,Annual,DNK,Denmark,GE,Government expenditures,USD_PPP,"US dollars, PPP converted",S13,General government,2025,2025,PF,Public finance,2022,,205120.21,,A,Normal value,6,Millions,V,Current prices,,
DATAFLOW,OECD.GOV.GIP:DSD_GOV@DF_GOV_PF_2025(1.0),"Public finance main indicators - government at a glance, 2025 edition",I,A,Annual,EST,Estonia,GE,Government expenditures,USD_PPP,"US dollars, PPP converted",S13,General government,2025,2025,PF,Public finance,2022,,25768.57,,A,Normal value,6,Millions,V,Current prices,,
DATAFLOW,OECD.GOV.GIP:DSD_GOV@DF_GOV_PF_2025(1.0),"Public finance main indicators - government at a glance, 2025 edition",I,A,Annual,FIN,Finland,GE,Government expenditures,USD_PPP,"US dollars, PPP converted",S13,General government,2025,2025,PF,Public finance,2022,,179413.29,,A,Normal value,6,Millions,V,Current prices,,
DATAFLOW,OECD.GOV.GIP:DSD_GOV@DF_GOV_PF_2025(1.0),"Public finance main indicators - government at a glance, 2025 edition",I,A,Annual,FRA,France,GE,Government expenditures,USD_PPP,"US dollars, PPP converted",S13,General government,2025,2025,PF,Public finance,2022,,2232555.8,,A,Normal value,6,Millions,V,Current prices,,
DATAFLOW,OECD.GOV.GIP:DSD_GOV@DF_GOV_PF_2025(1.0),"Public finance main indicators - government at a glance, 2025 edition",I,A,Annual,DEU,Germany,GE,Government expenditures,USD_PPP,"US dollars, PPP converted",S13,General government,2025,2025,PF,Public finance,2022,,2775419.72,,A,Normal value,6,Millions,V,Current prices,,
DATAFLOW,OECD.GOV.GIP:DSD_GOV@DF_GOV_PF_2025(1.0),"Public finance main indicators - government at a glance, 2025 edition",I,A,Annual,GRC,Greece,GE,Government expenditures,USD_PPP,"US dollars, PPP converted",S13,General government,2025,2025,PF,Public finance,2022,,214800.33,,A,Normal value,6,Millions,V,Current prices,,
DATAFLOW,OECD.GOV.GIP:DSD_GOV@DF_GOV_PF_2025(1.0),"Public finance main indicators - government at a glance, 2025 edition",I,A,Annual,HUN,Hungary,GE,Government expenditures,USD_PPP,"US dollars, PPP converted",S13,General government,2025,2025,PF,Public finance,2022,,205925.88,,A,Normal value,6,Millions,V,Current prices,,
DATAFLOW,OECD.GOV.GIP:DSD_GOV@DF_GOV_PF_2025(1.0),"Public finance main indicators - government at a glance, 2025 edition",I,A,Annual,ISL,Iceland,GE,Government expenditures,USD_PPP,"US dollars, PPP converted",S13,General government,2025,2025,PF,Public finance,2022,,13093.67,,A,Normal value,6,Millions,V,Current prices,,
DATAFLOW,OECD.GOV.GIP:DSD_GOV@DF_GOV_PF_2025(1.0),"Public finance main indicators - government at a glance, 2025 edition",I,A,Annual,IRL,Ireland,GE,Government expenditures,USD_PPP,"US dollars, PPP converted",S13,General government,2025,2025,PF,Public finance,2022,,146158.54,,A,Normal value,6,Millions,V,Current prices,,
DATAFLOW,OECD.GOV.GIP:DSD_GOV@DF_GOV_PF_2025(1.0),"Public finance main indicators - government at a glance, 2025 edition",I,A,Annual,ISR,Israel,GE,Government expenditures,USD_PPP,"US dollars, PPP converted",S13,General government,2025,2025,PF,Public finance,2023,,210588.21,,A,Normal value,6,Millions,V,Current prices,,
DATAFLOW,OECD.GOV.GIP:DSD_GOV@DF_GOV_PF_2025(1.0),"Public finance main indicators - government at a glance, 2025 edition",I,A,Annual,ITA,Italy,GE,Government expenditures,USD_PPP,"US dollars, PPP converted",S13,General government,2025,2025,PF,Public finance,2022,,1823373.94,,A,Normal value,6,Millions,V,Current prices,,
DATAFLOW,OECD.GOV.GIP:DSD_GOV@DF_GOV_PF_2025(1.0),"Public finance main indicators - government at a glance, 2025 edition",I,A,Annual,JPN,Japan,GE,Government expenditures,USD_PPP,"US dollars, PPP converted",S13,General government,2025,2025,PF,Public finance,2023,,2522239.63,,A,Normal value,6,Millions,V,Current prices,,
DATAFLOW,OECD.GOV.GIP:DSD_GOV@DF_GOV_PF_2025(1.0),"Public finance main indicators - government at a glance, 2025 edition",I,A,Annual,KOR,Korea,GE,Government expenditures,USD_PPP,"US dollars, PPP converted",S13,General government,2025,2025,PF,Public finance,2023,,1019214.26,,A,Normal value,6,Millions,V,Current prices,,
DATAFLOW,OECD.GOV.GIP:DSD_GOV@DF_GOV_PF_2025(1.0),"Public finance main indicators - government at a glance, 2025 edition",I,A,Annual,LVA,Latvia,GE,Government expenditures,USD_PPP,"US dollars, PPP converted",S13,General government,2025,2025,PF,Public finance,2022,,33212.95,,A,Normal value,6,Millions,V,Current prices,,
DATAFLOW,OECD.GOV.GIP:DSD_GOV@DF_GOV_PF_2025(1.0),"Public finance main indicators - government at a glance, 2025 edition",I,A,Annual,LTU,Lithuania,GE,Government expenditures,USD_PPP,"US dollars, PPP converted",S13,General government,2025,2025,PF,Public finance,2022,,51842.86,,A,Normal value,6,Millions,V,Current prices,,
DATAFLOW,OECD.GOV.GIP:DSD_GOV@DF_GOV_PF_2025(1.0),"Public finance main indicators - government at a glance, 2025 edition",I,A,Annual,LUX,Luxembourg,GE,Government expenditures,USD_PPP,"US dollars, PPP converted",S13,General government,2025,2025,PF,Public finance,2022,,41495,,A,Normal value,6,Millions,V,Current prices,,
DATAFLOW,OECD.GOV.GIP:DSD_GOV@DF_GOV_PF_2025(1.0),"Public finance main indicators - government at a glance, 2025 edition",I,A,Annual,MEX,Mexico,GE,Government expenditures,USD_PPP,"US dollars, PPP converted",S13,General government,2025,2025,PF,Public finance,2023,,884320.1,,A,Normal value,6,Millions,V,Current prices,,
DATAFLOW,OECD.GOV.GIP:DSD_GOV@DF_GOV_PF_2025(1.0),"Public finance main indicators - government at a glance, 2025 edition",I,A,Annual,NLD,Netherlands,GE,Government expenditures,USD_PPP,"US dollars, PPP converted",S13,General government,2025,2025,PF,Public finance,2023,,604763.72,,P,Provisional value,6,Millions,V,Current prices,,
DATAFLOW,OECD.GOV.GIP:DSD_GOV@DF_GOV_PF_2025(1.0),"Public finance main indicators - government at a glance, 2025 edition",I,A,Annual,NZL,New Zealand,GE,Government expenditures,USD_PPP,"US dollars, PPP converted",S13,General government,2025,2025,PF,Public finance,2023,,124411.41,,A,Normal value,6,Millions,V,Current prices,,
DATAFLOW,OECD.GOV.GIP:DSD_GOV@DF_GOV_PF_2025(1.0),"Public finance main indicators - government at a glance, 2025 edition",I,A,Annual,NOR,Norway,GE,Government expenditures,USD_PPP,"US dollars, PPP converted",S13,General government,2025,2025,PF,Public finance,2022,,256372.44,,A,Normal value,6,Millions,V,Current prices,,
DATAFLOW,OECD.GOV.GIP:DSD_GOV@DF_GOV_PF_2025(1.0),"Public finance main indicators - government at a glance, 2025 edition",I,A,Annual,POL,Poland,GE,Government expenditures,USD_PPP,"US dollars, PPP converted",S13,General government,2025,2025,PF,Public finance,2022,,733765.73,,A,Normal value,6,Millions,V,Current prices,,
DATAFLOW,OECD.GOV.GIP:DSD_GOV@DF_GOV_PF_2025(1.0),"Public finance main indicators - government at a glance, 2025 edition",I,A,Annual,PRT,Portugal,GE,Government expenditures,USD_PPP,"US dollars, PPP converted",S13,General government,2025,2025,PF,Public finance,2022,,203981.15,,A,Normal value,6,Millions,V,Current prices,,
DATAFLOW,OECD.GOV.GIP:DSD_GOV@DF_GOV_PF_2025(1.0),"Public finance main indicators - government at a glance, 2025 edition",I,A,Annual,SVK,Slovak Republic,GE,Government expenditures,PT_B1GQ,Percentage of GDP,S13,General government,2025,2025,PF,Public finance,2023,,47.99,,A,Normal value,0,Units,_Z,Not applicable,,
DATAFLOW,OECD.GOV.GIP:DSD_GOV@DF_GOV_PF_2025(1.0),"Public finance main indicators - government at a glance, 2025 edition",I,A,Annual,SVN,Slovenia,GE,Government expenditures,USD_PPP,"US dollars, PPP converted",S13,General government,2025,2025,PF,Public finance,2022,,51411.55,,A,Normal value,6,Millions,V,Current prices,,
DATAFLOW,OECD.GOV.GIP:DSD_GOV@DF_GOV_PF_2025(1.0),"Public finance main indicators - government at a glance, 2025 edition",I,A,Annual,ESP,Spain,GE,Government expenditures,USD_PPP,"US dollars, PPP converted",S13,General government,2025,2025,PF,Public finance,2022,,1118583.15,,A,Normal value,6,Millions,V,Current prices,,
DATAFLOW,OECD.GOV.GIP:DSD_GOV@DF_GOV_PF_2025(1.0),"Public finance main indicators - government at a glance, 2025 edition",I,A,Annual,SWE,Sweden,GE,Government expenditures,USD_PPP,"US dollars, PPP converted",S13,General government,2025,2025,PF,Public finance,2022,,340551.07,,A,Normal value,6,Millions,V,Current prices,,
DATAFLOW,OECD.GOV.GIP:DSD_GOV@DF_GOV_PF_2025(1.0),"Public finance main indicators - government at a glance, 2025 edition",I,A,Annual,CHE,Switzerland,GE,Government expenditures,USD_PPP,"US dollars, PPP converted",S13,General government,2025,2025,PF,Public finance,2023,,267076.4,,A,Normal value,6,Millions,V,Current prices,,
DATAFLOW,OECD.GOV.GIP:DSD_GOV@DF_GOV_PF_2025(1.0),"Public finance main indicators - government at a glance, 2025 edition",I,A,Annual,GBR,United Kingdom,GE,Government expenditures,USD_PPP,"US dollars, PPP converted",S13,General government,2025,2025,PF,Public finance,2022,,1842693.88,,A,Normal value,6,Millions,V,Current prices,,
DATAFLOW,OECD.GOV.GIP:DSD_GOV@DF_GOV_PF_2025(1.0),"Public finance main indicators - government at a glance, 2025 edition",I,A,Annual,USA,United States,GE,Government expenditures,USD_PPP,"US dollars, PPP converted",S13,General government,2025,2025,PF,Public finance,2023,,10846788.19,,A,Normal value,6,Millions,V,Current prices,,
DATAFLOW,OECD.GOV.GIP:DSD_GOV@DF_GOV_PF_2025(1.0),"Public finance main indicators - government at a glance, 2025 edition",I,A,Annual,AUS,Australia,GE,Government expenditures,USD_PPP,"US dollars, PPP converted",S13,General government,2025,2025,PF,Public finance,2022,,703132.82,,A,Normal value,6,Millions,V,Current prices,,
DATAFLOW,OECD.GOV.GIP:DSD_GOV@DF_GOV_PF_2025(1.0),"Public finance main indicators - government at a glance, 2025 edition",I,A,Annual,AUS,Australia,GE,Government expenditures,PT_B1GQ,Percentage of GDP,S13,General government,2025,2025,PF,Public finance,2023,,38.56,,A,Normal value,0,Units,_Z,Not applicable,,
DATAFLOW,OECD.GOV.GIP:DSD_GOV@DF_GOV_PF_2025(1.0),"Public finance main indicators - government at a glance, 2025 edition",I,A,Annual,AUS,Australia,GE,Government expenditures,PT_B1GQ,Percentage of GDP,S13,General government,2025,2025,PF,Public finance,2022,,37.24,,A,Normal value,0,Units,_Z,Not applicable,,
DATAFLOW,OECD.GOV.GIP:DSD_GOV@DF_GOV_PF_2025(1.0),"Public finance main indicators - government at a glance, 2025 edition",I,A,Annual,AUT,Austria,GE,Government expenditures,PT_B1GQ,Percentage of GDP,S13,General government,2025,2025,PF,Public finance,2024,,56.3,,A,Normal value,0,Units,_Z,Not applicable,,
DATAFLOW,OECD.GOV.GIP:DSD_GOV@DF_GOV_PF_2025(1.0),"Public finance main indicators - government at a glance, 2025 edition",I,A,Annual,AUT,Austria,GE,Government expenditures,PT_B1GQ,Percentage of GDP,S13,General government,2025,2025,PF,Public finance,2023,,52.72,,A,Normal value,0,Units,_Z,Not applicable,,
DATAFLOW,OECD.GOV.GIP:DSD_GOV@DF_GOV_PF_2025(1.0),"Public finance main indicators - government at a glance, 2025 edition",I,A,Annual,AUT,Austria,GE,Government expenditures,PT_B1GQ,Percentage of GDP,S13,General government,2025,2025,PF,Public finance,2022,,53.13,,A,Normal value,0,Units,_Z,Not applicable,,
DATAFLOW,OECD.GOV.GIP:DSD_GOV@DF_GOV_PF_2025(1.0),"Public finance main indicators - government at a glance, 2025 edition",I,A,Annual,AUT,Austria,GE,Government expenditures,USD_PPP,"US dollars, PPP converted",S13,General government,2025,2025,PF,Public finance,2024,,359491.43,,A,Normal value,6,Millions,V,Current prices,,
DATAFLOW,OECD.GOV.GIP:DSD_GOV@DF_GOV_PF_2025(1.0),"Public finance main indicators - government at a glance, 2025 edition",I,A,Annual,AUT,Austria,GE,Government expenditures,USD_PPP,"US dollars, PPP converted",S13,General government,2025,2025,PF,Public finance,2023,,339284.59,,A,Normal value,6,Millions,V,Current prices,,
DATAFLOW,OECD.GOV.GIP:DSD_GOV@DF_GOV_PF_2025(1.0),"Public finance main indicators - government at a glance, 2025 edition",I,A,Annual,BEL,Belgium,GE,Government expenditures,PT_B1GQ,Percentage of GDP,S13,General government,2025,2025,PF,Public finance,2024,,54.49,,P,Provisional value,0,Units,_Z,Not applicable,,
DATAFLOW,OECD.GOV.GIP:DSD_GOV@DF_GOV_PF_2025(1.0),"Public finance main indicators - government at a glance, 2025 edition",I,A,Annual,BEL,Belgium,GE,Government expenditures,USD_PPP,"US dollars, PPP converted",S13,General government,2025,2025,PF,Public finance,2023,,433857.31,,A,Normal value,6,Millions,V,Current prices,,
DATAFLOW,OECD.GOV.GIP:DSD_GOV@DF_GOV_PF_2025(1.0),"Public finance main indicators - government at a glance, 2025 edition",I,A,Annual,BEL,Belgium,GE,Government expenditures,USD_PPP,"US dollars, PPP converted",S13,General government,2025,2025,PF,Public finance,2022,,416006.96,,A,Normal value,6,Millions,V,Current prices,,
DATAFLOW,OECD.GOV.GIP:DSD_GOV@DF_GOV_PF_2025(1.0),"Public finance main indicators - government at a glance, 2025 edition",I,A,Annual,BEL,Belgium,GE,Government expenditures,PT_B1GQ,Percentage of GDP,S13,General government,2025,2025,PF,Public finance,2023,,53.3,,A,Normal value,0,Units,_Z,Not applicable,,
DATAFLOW,OECD.GOV.GIP:DSD_GOV@DF_GOV_PF_2025(1.0),"Public finance main indicators - government at a glance, 2025 edition",I,A,Annual,BEL,Belgium,GE,Government expenditures,PT_B1GQ,Percentage of GDP,S13,General government,2025,2025,PF,Public finance,2022,,52.26,,A,Normal value,0,Units,_Z,Not applicable,,
DATAFLOW,OECD.GOV.GIP:DSD_GOV@DF_GOV_PF_2025(1.0),"Public finance main indicators - government at a glance, 2025 edition",I,A,Annual,CAN,Canada,GE,Government expenditures,PT_B1GQ,Percentage of GDP,S13,General government,2025,2025,PF,Public finance,2024,,45.47,,A,Normal value,0,Units,_Z,Not applicable,,
DATAFLOW,OECD.GOV.GIP:DSD_GOV@DF_GOV_PF_2025(1.0),"Public finance main indicators - government at a glance, 2025 edition",I,A,Annual,CAN,Canada,GE,Government expenditures,PT_B1GQ,Percentage of GDP,S13,General government,2025,2025,PF,Public finance,2023,,42.85,,A,Normal value,0,Units,_Z,Not applicable,,
DATAFLOW,OECD.GOV.GIP:DSD_GOV@DF_GOV_PF_2025(1.0),"Public finance main indicators - government at a glance, 2025 edition",I,A,Annual,CAN,Canada,GE,Government expenditures,PT_B1GQ,Percentage of GDP,S13,General government,2025,2025,PF,Public finance,2022,,41.39,,A,Normal value,0,Units,_Z,Not applicable,,
DATAFLOW,OECD.GOV.GIP:DSD_GOV@DF_GOV_PF_2025(1.0),"Public finance main indicators - government at a glance, 2025 edition",I,A,Annual,CAN,Canada,GE,Government expenditures,USD_PPP,"US dollars, PPP converted",S13,General government,2025,2025,PF,Public finance,2024,,1221566.12,,A,Normal value,6,Millions,V,Current prices,,
DATAFLOW,OECD.GOV.GIP:DSD_GOV@DF_GOV_PF_2025(1.0),"Public finance main indicators - government at a glance, 2025 edition",I,A,Annual,CAN,Canada,GE,Government expenditures,USD_PPP,"US dollars, PPP converted",S13,General government,2025,2025,PF,Public finance,2023,,1107278.36,,A,Normal value,6,Millions,V,Current prices,,
DATAFLOW,OECD.GOV.GIP:DSD_GOV@DF_GOV_PF_2025(1.0),"Public finance main indicators - government at a glance, 2025 edition",I,A,Annual,CHL,Chile,GE,Government expenditures,USD_PPP,"US dollars, PPP converted",S13,General government,2025,2025,PF,Public finance,2022,,167759.17,,A,Normal value,6,Millions,V,Current prices,,
DATAFLOW,OECD.GOV.GIP:DSD_GOV@DF_GOV_PF_2025(1.0),"Public finance main indicators - government at a glance, 2025 edition",I,A,Annual,CHL,Chile,GE,Government expenditures,PT_B1GQ,Percentage of GDP,S13,General government,2025,2025,PF,Public finance,2023,,28.21,,A,Normal value,0,Units,_Z,Not applicable,,
DATAFLOW,OECD.GOV.GIP:DSD_GOV@DF_GOV_PF_2025(1.0),"Public finance main indicators - government at a glance, 2025 edition",I,A,Annual,CHL,Chile,GE,Government expenditures,PT_B1GQ,Percentage of GDP,S13,General government,2025,2025,PF,Public finance,2022,,27.84,,A,Normal value,0,Units,_Z,Not applicable,,
DATAFLOW,OECD.GOV.GIP:DSD_GOV@DF_GOV_PF_2025(1.0),"Public finance main indicators - government at a glance, 2025 edition",I,A,Annual,COL,Colombia,GE,Government expenditures,PT_B1GQ,Percentage of GDP,S13,General government,2025,2025,PF,Public finance,2024,,49.67,,A,Normal value,0,Units,_Z,Not applicable,,
DATAFLOW,OECD.GOV.GIP:DSD_GOV@DF_GOV_PF_2025(1.0),"Public finance main indicators - government at a glance, 2025 edition",I,A,Annual,COL,Colombia,GE,Government expenditures,PT_B1GQ,Percentage of GDP,S13,General government,2025,2025,PF,Public finance,2023,,49.1,,A,Normal value,0,Units,_Z,Not applicable,,
DATAFLOW,OECD.GOV.GIP:DSD_GOV@DF_GOV_PF_2025(1.0),"Public finance main indicators - government at a glance, 2025 edition",I,A,Annual,COL,Colombia,GE,Government expenditures,PT_B1GQ,Percentage of GDP,S13,General government,2025,2025,PF,Public finance,2022,,46.27,,A,Normal value,0,Units,_Z,Not applicable,,
DATAFLOW,OECD.GOV.GIP:DSD_GOV@DF_GOV_PF_2025(1.0),"Public finance main indicators - government at a glance, 2025 edition",I,A,Annual,COL,Colombia,GE,Government expenditures,USD_PPP,"US dollars, PPP converted",S13,General government,2025,2025,PF,Public finance,2024,,567214.61,,A,Normal value,6,Millions,V,Current prices,,
DATAFLOW,OECD.GOV.GIP:DSD_GOV@DF_GOV_PF_2025(1.0),"Public finance main indicators - government at a glance, 2025 edition",I,A,Annual,COL,Colombia,GE,Government expenditures,USD_PPP,"US dollars, PPP converted",S13,General government,2025,2025,PF,Public finance,2023,,538003.42,,A,Normal value,6,Millions,V,Current prices,,
DATAFLOW,OECD.GOV.GIP:DSD_GOV@DF_GOV_PF_2025(1.0),"Public finance main indicators - government at a glance, 2025 edition",I,A,Annual,CRI,Costa Rica,GE,Government expenditures,USD_PPP,"US dollars, PPP converted",S13,General government,2025,2025,PF,Public finance,2023,,58592.76,,E,Estimated value,6,Millions,V,Current prices,,
DATAFLOW,OECD.GOV.GIP:DSD_GOV@DF_GOV_PF_2025(1.0),"Public finance main indicators - government at a glance, 2025 edition",I,A,Annual,CRI,Costa Rica,GE,Government expenditures,USD_PPP,"US dollars, PPP converted",S13,General government,2025,2025,PF,Public finance,2022,,52724.45,,E,Estimated value,6,Millions,V,Current prices,,
DATAFLOW,OECD.GOV.GIP:DSD_GOV@DF_GOV_PF_2025(1.0),"Public finance main indicators - government at a glance, 2025 edition",I,A,Annual,CRI,Costa Rica,GE,Government expenditures,PT_B1GQ,Percentage of GDP,S13,General government,2025,2025,PF,Public finance,2022,,40.02,,E,Estimated value,0,Units,_Z,Not applicable,,
DATAFLOW,OECD.GOV.GIP:DSD_GOV@DF_GOV_PF_2025(1.0),"Public finance main indicators - government at a glance, 2025 edition",I,A,Annual,CZE,Czechia,GE,Government expenditures,PT_B1GQ,Percentage of GDP,S13,General government,2025,2025,PF,Public finance,2024,,43,,A,Normal value,0,Units,_Z,Not applicable,,
DATAFLOW,OECD.GOV.GIP:DSD_GOV@DF_GOV_PF_2025(1.0),"Public finance main indicators - government at a glance, 2025 edition",I,A,Annual,CZE,Czechia,GE,Government expenditures,PT_B1GQ,Percentage of GDP,S13,General government,2025,2025,PF,Public finance,2023,,43.93,,A,Normal value,0,Units,_Z,Not applicable,,
DATAFLOW,OECD.GOV.GIP:DSD_GOV@DF_GOV_PF_2025(1.0),"Public finance main indicators - government at a glance, 2025 edition",I,A,Annual,CZE,Czechia,GE,Government expenditures,PT_B1GQ,Percentage of GDP,S13,General government,2025,2025,PF,Public finance,2022,,42.99,,A,Normal value,0,Units,_Z,Not applicable,,
DATAFLOW,OECD.GOV.GIP:DSD_GOV@DF_GOV_PF_2025(1.0),"Public finance main indicators - government at a glance, 2025 edition",I,A,Annual,CZE,Czechia,GE,Government expenditures,USD_PPP,"US dollars, PPP converted",S13,General government,2025,2025,PF,Public finance,2024,,257522.65,,A,Normal value,6,Millions,V,Current prices,,
DATAFLOW,OECD.GOV.GIP:DSD_GOV@DF_GOV_PF_2025(1.0),"Public finance main indicators - government at a glance, 2025 edition",I,A,Annual,CZE,Czechia,GE,Government expenditures,USD_PPP,"US dollars, PPP converted",S13,General government,2025,2025,PF,Public finance,2023,,253954.69,,A,Normal value,6,Millions,V,Current prices,,
DATAFLOW,OECD.GOV.GIP:DSD_GOV@DF_GOV_PF_2025(1.0),"Public finance main indicators - government at a glance, 2025 edition",I,A,Annual,DNK,Denmark,GE,Government expenditures,PT_B1GQ,Percentage of GDP,S13,General government,2025,2025,PF,Public finance,2024,,46.46,,A,Normal value,0,Units,_Z,Not applicable,,
DATAFLOW,OECD.GOV.GIP:DSD_GOV@DF_GOV_PF_2025(1.0),"Public finance main indicators - government at a glance, 2025 edition",I,A,Annual,DNK,Denmark,GE,Government expenditures,PT_B1GQ,Percentage of GDP,S13,General government,2025,2025,PF,Public finance,2023,,46.83,,A,Normal value,0,Units,_Z,Not applicable,,
DATAFLOW,OECD.GOV.GIP:DSD_GOV@DF_GOV_PF_2025(1.0),"Public finance main indicators - government at a glance, 2025 edition",I,A,Annual,DNK,Denmark,GE,Government expenditures,PT_B1GQ,Percentage of GDP,S13,General government,2025,2025,PF,Public finance,2022,,44.89,,A,Normal value,0,Units,_Z,Not applicable,,
DATAFLOW,OECD.GOV.GIP:DSD_GOV@DF_GOV_PF_2025(1.0),"Public finance main indicators - government at a glance, 2025 edition",I,A,Annual,DNK,Denmark,GE,Government expenditures,USD_PPP,"US dollars, PPP converted",S13,General government,2025,2025,PF,Public finance,2024,,214814.17,,A,Normal value,6,Millions,V,Current prices,,
DATAFLOW,OECD.GOV.GIP:DSD_GOV@DF_GOV_PF_2025(1.0),"Public finance main indicators - government at a glance, 2025 edition",I,A,Annual,DNK,Denmark,GE,Government expenditures,USD_PPP,"US dollars, PPP converted",S13,General government,2025,2025,PF,Public finance,2023,,205366.33,,A,Normal value,6,Millions,V,Current prices,,
DATAFLOW,OECD.GOV.GIP:DSD_GOV@DF_GOV_PF_2025(1.0),"Public finance main indicators - government at a glance, 2025 edition",I,A,Annual,EST,Estonia,GE,Government expenditures,PT_B1GQ,Percentage of GDP,S13,General government,2025,2025,PF,Public finance,2024,,43.99,,A,Normal value,0,Units,_Z,Not applicable,,
DATAFLOW,OECD.GOV.GIP:DSD_GOV@DF_GOV_PF_2025(1.0),"Public finance main indicators - government at a glance, 2025 edition",I,A,Annual,EST,Estonia,GE,Government expenditures,PT_B1GQ,Percentage of GDP,S13,General government,2025,2025,PF,Public finance,2023,,43.68,,A,Normal value,0,Units,_Z,Not applicable,,
DATAFLOW,OECD.GOV.GIP:DSD_GOV@DF_GOV_PF_2025(1.0),"Public finance main indicators - government at a glance, 2025 edition",I,A,Annual,EST,Estonia,GE,Government expenditures,PT_B1GQ,Percentage of GDP,S13,General government,2025,2025,PF,Public finance,2022,,39.97,,A,Normal value,0,Units,_Z,Not applicable,,
DATAFLOW,OECD.GOV.GIP:DSD_GOV@DF_GOV_PF_2025(1.0),"Public finance main indicators - government at a glance, 2025 edition",I,A,Annual,EST,Estonia,GE,Government expenditures,USD_PPP,"US dollars, PPP converted",S13,General government,2025,2025,PF,Public finance,2024,,28866.48,,A,Normal value,6,Millions,V,Current prices,,
DATAFLOW,OECD.GOV.GIP:DSD_GOV@DF_GOV_PF_2025(1.0),"Public finance main indicators - government at a glance, 2025 edition",I,A,Annual,EST,Estonia,GE,Government expenditures,USD_PPP,"US dollars, PPP converted",S13,General government,2025,2025,PF,Public finance,2023,,28006.7,,A,Normal value,6,Millions,V,Current prices,,
DATAFLOW,OECD.GOV.GIP:DSD_GOV@DF_GOV_PF_2025(1.0),"Public finance main indicators - government at a glance, 2025 edition",I,A,Annual,FIN,Finland,GE,Government expenditures,PT_B1GQ,Percentage of GDP,S13,General government,2025,2025,PF,Public finance,2024,,57.46,,A,Normal value,0,Units,_Z,Not applicable,,
DATAFLOW,OECD.GOV.GIP:DSD_GOV@DF_GOV_PF_2025(1.0),"Public finance main indicators - government at a glance, 2025 edition",I,A,Annual,FIN,Finland,GE,Government expenditures,PT_B1GQ,Percentage of GDP,S13,General government,2025,2025,PF,Public finance,2023,,55.94,,A,Normal value,0,Units,_Z,Not applicable,,
DATAFLOW,OECD.GOV.GIP:DSD_GOV@DF_GOV_PF_2025(1.0),"Public finance main indicators - government at a glance, 2025 edition",I,A,Annual,FIN,Finland,GE,Government expenditures,PT_B1GQ,Percentage of GDP,S13,General government,2025,2025,PF,Public finance,2022,,52.64,,A,Normal value,0,Units,_Z,Not applicable,,
DATAFLOW,OECD.GOV.GIP:DSD_GOV@DF_GOV_PF_2025(1.0),"Public finance main indicators - government at a glance, 2025 edition",I,A,Annual,FIN,Finland,GE,Government expenditures,USD_PPP,"US dollars, PPP converted",S13,General government,2025,2025,PF,Public finance,2024,,201788.39,,A,Normal value,6,Millions,V,Current prices,,
DATAFLOW,OECD.GOV.GIP:DSD_GOV@DF_GOV_PF_2025(1.0),"Public finance main indicators - government at a glance, 2025 edition",I,A,Annual,FIN,Finland,GE,Government expenditures,USD_PPP,"US dollars, PPP converted",S13,General government,2025,2025,PF,Public finance,2023,,192453.8,,A,Normal value,6,Millions,V,Current prices,,
DATAFLOW,OECD.GOV.GIP:DSD_GOV@DF_GOV_PF_2025(1.0),"Public finance main indicators - government at a glance, 2025 edition",I,A,Annual,FRA,France,GE,Government expenditures,PT_B1GQ,Percentage of GDP,S13,General government,2025,2025,PF,Public finance,2024,,57.17,,A,Normal value,0,Units,_Z,Not applicable,,
DATAFLOW,OECD.GOV.GIP:DSD_GOV@DF_GOV_PF_2025(1.0),"Public finance main indicators - government at a glance, 2025 edition",I,A,Annual,FRA,France,GE,Government expenditures,PT_B1GQ,Percentage of GDP,S13,General government,2025,2025,PF,Public finance,2023,,56.95,,A,Normal value,0,Units,_Z,Not applicable,,
DATAFLOW,OECD.GOV.GIP:DSD_GOV@DF_GOV_PF_2025(1.0),"Public finance main indicators - government at a glance, 2025 edition",I,A,Annual,FRA,France,GE,Government expenditures,PT_B1GQ,Percentage of GDP,S13,General government,2025,2025,PF,Public finance,2022,,58.38,,A,Normal value,0,Units,_Z,Not applicable,,
DATAFLOW,OECD.GOV.GIP:DSD_GOV@DF_GOV_PF_2025(1.0),"Public finance main indicators - government at a glance, 2025 edition",I,A,Annual,FRA,France,GE,Government expenditures,USD_PPP,"US dollars, PPP converted",S13,General government,2025,2025,PF,Public finance,2024,,2330642.17,,A,Normal value,6,Millions,V,Current prices,,
DATAFLOW,OECD.GOV.GIP:DSD_GOV@DF_GOV_PF_2025(1.0),"Public finance main indicators - government at a glance, 2025 edition",I,A,Annual,FRA,France,GE,Government expenditures,USD_PPP,"US dollars, PPP converted",S13,General government,2025,2025,PF,Public finance,2023,,2267970.16,,A,Normal value,6,Millions,V,Current prices,,
DATAFLOW,OECD.GOV.GIP:DSD_GOV@DF_GOV_PF_2025(1.0),"Public finance main indicators - government at a glance, 2025 edition",I,A,Annual,DEU,Germany,GE,Government expenditures,PT_B1GQ,Percentage of GDP,S13,General government,2025,2025,PF,Public finance,2024,,49.51,,A,Normal value,0,Units,_Z,Not applicable,,
DATAFLOW,OECD.GOV.GIP:DSD_GOV@DF_GOV_PF_2025(1.0),"Public finance main indicators - government at a glance, 2025 edition",I,A,Annual,DEU,Germany,GE,Government expenditures,PT_B1GQ,Percentage of GDP,S13,General government,2025,2025,PF,Public finance,2023,,48.38,,A,Normal value,0,Units,_Z,Not applicable,,
DATAFLOW,OECD.GOV.GIP:DSD_GOV@DF_GOV_PF_2025(1.0),"Public finance main indicators - government at a glance, 2025 edition",I,A,Annual,DEU,Germany,GE,Government expenditures,PT_B1GQ,Percentage of GDP,S13,General government,2025,2025,PF,Public finance,2022,,49,,A,Normal value,0,Units,_Z,Not applicable,,
DATAFLOW,OECD.GOV.GIP:DSD_GOV@DF_GOV_PF_2025(1.0),"Public finance main indicators - government at a glance, 2025 edition",I,A,Annual,DEU,Germany,GE,Government expenditures,USD_PPP,"US dollars, PPP converted",S13,General government,2025,2025,PF,Public finance,2024,,2907316.48,,A,Normal value,6,Millions,V,Current prices,,
DATAFLOW,OECD.GOV.GIP:DSD_GOV@DF_GOV_PF_2025(1.0),"Public finance main indicators - government at a glance, 2025 edition",I,A,Annual,DEU,Germany,GE,Government expenditures,USD_PPP,"US dollars, PPP converted",S13,General government,2025,2025,PF,Public finance,2023,,2788366.08,,A,Normal value,6,Millions,V,Current prices,,
DATAFLOW,OECD.GOV.GIP:DSD_GOV@DF_GOV_PF_2025(1.0),"Public finance main indicators - government at a glance, 2025 edition",I,A,Annual,GRC,Greece,GE,Government expenditures,PT_B1GQ,Percentage of GDP,S13,General government,2025,2025,PF,Public finance,2024,,47.98,,A,Normal value,0,Units,_Z,Not applicable,,
DATAFLOW,OECD.GOV.GIP:DSD_GOV@DF_GOV_PF_2025(1.0),"Public finance main indicators - government at a glance, 2025 edition",I,A,Annual,GRC,Greece,GE,Government expenditures,PT_B1GQ,Percentage of GDP,S13,General government,2025,2025,PF,Public finance,2023,,49.51,,A,Normal value,0,Units,_Z,Not applicable,,
DATAFLOW,OECD.GOV.GIP:DSD_GOV@DF_GOV_PF_2025(1.0),"Public finance main indicators - government at a glance, 2025 edition",I,A,Annual,GRC,Greece,GE,Government expenditures,PT_B1GQ,Percentage of GDP,S13,General government,2025,2025,PF,Public finance,2022,,52.81,,A,Normal value,0,Units,_Z,Not applicable,,
DATAFLOW,OECD.GOV.GIP:DSD_GOV@DF_GOV_PF_2025(1.0),"Public finance main indicators - government at a glance, 2025 edition",I,A,Annual,GRC,Greece,GE,Government expenditures,USD_PPP,"US dollars, PPP converted",S13,General government,2025,2025,PF,Public finance,2024,,213656.16,,A,Normal value,6,Millions,V,Current prices,,
DATAFLOW,OECD.GOV.GIP:DSD_GOV@DF_GOV_PF_2025(1.0),"Public finance main indicators - government at a glance, 2025 edition",I,A,Annual,GRC,Greece,GE,Government expenditures,USD_PPP,"US dollars, PPP converted",S13,General government,2025,2025,PF,Public finance,2023,,212148.37,,A,Normal value,6,Millions,V,Current prices,,
DATAFLOW,OECD.GOV.GIP:DSD_GOV@DF_GOV_PF_2025(1.0),"Public finance main indicators - government at a glance, 2025 edition",I,A,Annual,HUN,Hungary,GE,Government expenditures,PT_B1GQ,Percentage of GDP,S13,General government,2025,2025,PF,Public finance,2024,,46.88,,A,Normal value,0,Units,_Z,Not applicable,,
DATAFLOW,OECD.GOV.GIP:DSD_GOV@DF_GOV_PF_2025(1.0),"Public finance main indicators - government at a glance, 2025 edition",I,A,Annual,HUN,Hungary,GE,Government expenditures,PT_B1GQ,Percentage of GDP,S13,General government,2025,2025,PF,Public finance,2023,,49.15,,A,Normal value,0,Units,_Z,Not applicable,,
DATAFLOW,OECD.GOV.GIP:DSD_GOV@DF_GOV_PF_2025(1.0),"Public finance main indicators - government at a glance, 2025 edition",I,A,Annual,HUN,Hungary,GE,Government expenditures,PT_B1GQ,Percentage of GDP,S13,General government,2025,2025,PF,Public finance,2022,,48.71,,A,Normal value,0,Units,_Z,Not applicable,,
DATAFLOW,OECD.GOV.GIP:DSD_GOV@DF_GOV_PF_2025(1.0),"Public finance main indicators - government at a glance, 2025 edition",I,A,Annual,HUN,Hungary,GE,Government expenditures,USD_PPP,"US dollars, PPP converted",S13,General government,2025,2025,PF,Public finance,2024,,207949.08,,A,Normal value,6,Millions,V,Current prices,,
DATAFLOW,OECD.GOV.GIP:DSD_GOV@DF_GOV_PF_2025(1.0),"Public finance main indicators - government at a glance, 2025 edition",I,A,Annual,HUN,Hungary,GE,Government expenditures,USD_PPP,"US dollars, PPP converted",S13,General government,2025,2025,PF,Public finance,2023,,213905.39,,A,Normal value,6,Millions,V,Current prices,,
DATAFLOW,OECD.GOV.GIP:DSD_GOV@DF_GOV_PF_2025(1.0),"Public finance main indicators - government at a glance, 2025 edition",I,A,Annual,ISL,Iceland,GE,Government expenditures,PT_B1GQ,Percentage of GDP,S13,General government,2025,2025,PF,Public finance,2024,,46.25,,A,Normal value,0,Units,_Z,Not applicable,,
DATAFLOW,OECD.GOV.GIP:DSD_GOV@DF_GOV_PF_2025(1.0),"Public finance main indicators - government at a glance, 2025 edition",I,A,Annual,ISL,Iceland,GE,Government expenditures,PT_B1GQ,Percentage of GDP,S13,General government,2025,2025,PF,Public finance,2023,,45.32,,A,Normal value,0,Units,_Z,Not applicable,,
DATAFLOW,OECD.GOV.GIP:DSD_GOV@DF_GOV_PF_2025(1.0),"Public finance main indicators - government at a glance, 2025 edition",I,A,Annual,ISL,Iceland,GE,Government expenditures,PT_B1GQ,Percentage of GDP,S13,General government,2025,2025,PF,Public finance,2022,,46.68,,A,Normal value,0,Units,_Z,Not applicable,,
DATAFLOW,OECD.GOV.GIP:DSD_GOV@DF_GOV_PF_2025(1.0),"Public finance main indicators - government at a glance, 2025 edition",I,A,Annual,ISL,Iceland,GE,Government expenditures,USD_PPP,"US dollars, PPP converted",S13,General government,2025,2025,PF,Public finance,2024,,14359.74,,A,Normal value,6,Millions,V,Current prices,,
DATAFLOW,OECD.GOV.GIP:DSD_GOV@DF_GOV_PF_2025(1.0),"Public finance main indicators - government at a glance, 2025 edition",I,A,Annual,ISL,Iceland,GE,Government expenditures,USD_PPP,"US dollars, PPP converted",S13,General government,2025,2025,PF,Public finance,2023,,13666.78,,A,Normal value,6,Millions,V,Current prices,,
DATAFLOW,OECD.GOV.GIP:DSD_GOV@DF_GOV_PF_2025(1.0),"Public finance main indicators - government at a glance, 2025 edition",I,A,Annual,IRL,Ireland,GE,Government expenditures,PT_B1GQ,Percentage of GDP,S13,General government,2025,2025,PF,Public finance,2024,,23.45,,A,Normal value,0,Units,_Z,Not applicable,,
DATAFLOW,OECD.GOV.GIP:DSD_GOV@DF_GOV_PF_2025(1.0),"Public finance main indicators - government at a glance, 2025 edition",I,A,Annual,IRL,Ireland,GE,Government expenditures,PT_B1GQ,Percentage of GDP,S13,General government,2025,2025,PF,Public finance,2023,,22.73,,A,Normal value,0,Units,_Z,Not applicable,,
DATAFLOW,OECD.GOV.GIP:DSD_GOV@DF_GOV_PF_2025(1.0),"Public finance main indicators - government at a glance, 2025 edition",I,A,Annual,IRL,Ireland,GE,Government expenditures,PT_B1GQ,Percentage of GDP,S13,General government,2025,2025,PF,Public finance,2022,,20.6,,A,Normal value,0,Units,_Z,Not applicable,,
DATAFLOW,OECD.GOV.GIP:DSD_GOV@DF_GOV_PF_2025(1.0),"Public finance main indicators - government at a glance, 2025 edition",I,A,Annual,IRL,Ireland,GE,Government expenditures,USD_PPP,"US dollars, PPP converted",S13,General government,2025,2025,PF,Public finance,2024,,160636.52,,A,Normal value,6,Millions,V,Current prices,,
DATAFLOW,OECD.GOV.GIP:DSD_GOV@DF_GOV_PF_2025(1.0),"Public finance main indicators - government at a glance, 2025 edition",I,A,Annual,IRL,Ireland,GE,Government expenditures,USD_PPP,"US dollars, PPP converted",S13,General government,2025,2025,PF,Public finance,2023,,150655.45,,A,Normal value,6,Millions,V,Current prices,,
DATAFLOW,OECD.GOV.GIP:DSD_GOV@DF_GOV_PF_2025(1.0),"Public finance main indicators - government at a glance, 2025 edition",I,A,Annual,ISR,Israel,GE,Government expenditures,USD_PPP,"US dollars, PPP converted",S13,General government,2025,2025,PF,Public finance,2022,,192082.26,,A,Normal value,6,Millions,V,Current prices,,
DATAFLOW,OECD.GOV.GIP:DSD_GOV@DF_GOV_PF_2025(1.0),"Public finance main indicators - government at a glance, 2025 edition",I,A,Annual,ISR,Israel,GE,Government expenditures,PT_B1GQ,Percentage of GDP,S13,General government,2025,2025,PF,Public finance,2023,,40.04,,A,Normal value,0,Units,_Z,Not applicable,,
DATAFLOW,OECD.GOV.GIP:DSD_GOV@DF_GOV_PF_2025(1.0),"Public finance main indicators - government at a glance, 2025 edition",I,A,Annual,ISR,Israel,GE,Government expenditures,PT_B1GQ,Percentage of GDP,S13,General government,2025,2025,PF,Public finance,2022,,37.52,,A,Normal value,0,Units,_Z,Not applicable,,
DATAFLOW,OECD.GOV.GIP:DSD_GOV@DF_GOV_PF_2025(1.0),"Public finance main indicators - government at a glance, 2025 edition",I,A,Annual,ITA,Italy,GE,Government expenditures,PT_B1GQ,Percentage of GDP,S13,General government,2025,2025,PF,Public finance,2024,,50.56,,A,Normal value,0,Units,_Z,Not applicable,,
DATAFLOW,OECD.GOV.GIP:DSD_GOV@DF_GOV_PF_2025(1.0),"Public finance main indicators - government at a glance, 2025 edition",I,A,Annual,ITA,Italy,GE,Government expenditures,PT_B1GQ,Percentage of GDP,S13,General government,2025,2025,PF,Public finance,2023,,53.95,,A,Normal value,0,Units,_Z,Not applicable,,
DATAFLOW,OECD.GOV.GIP:DSD_GOV@DF_GOV_PF_2025(1.0),"Public finance main indicators - government at a glance, 2025 edition",I,A,Annual,ITA,Italy,GE,Government expenditures,PT_B1GQ,Percentage of GDP,S13,General government,2025,2025,PF,Public finance,2022,,54.93,,A,Normal value,0,Units,_Z,Not applicable,,
DATAFLOW,OECD.GOV.GIP:DSD_GOV@DF_GOV_PF_2025(1.0),"Public finance main indicators - government at a glance, 2025 edition",I,A,Annual,ITA,Italy,GE,Government expenditures,USD_PPP,"US dollars, PPP converted",S13,General government,2025,2025,PF,Public finance,2024,,1762960.8,,A,Normal value,6,Millions,V,Current prices,,
DATAFLOW,OECD.GOV.GIP:DSD_GOV@DF_GOV_PF_2025(1.0),"Public finance main indicators - government at a glance, 2025 edition",I,A,Annual,ITA,Italy,GE,Government expenditures,USD_PPP,"US dollars, PPP converted",S13,General government,2025,2025,PF,Public finance,2023,,1842702.28,,A,Normal value,6,Millions,V,Current prices,,
DATAFLOW,OECD.GOV.GIP:DSD_GOV@DF_GOV_PF_2025(1.0),"Public finance main indicators - government at a glance, 2025 edition",I,A,Annual,JPN,Japan,GE,Government expenditures,USD_PPP,"US dollars, PPP converted",S13,General government,2025,2025,PF,Public finance,2022,,2567311.53,,A,Normal value,6,Millions,V,Current prices,,
DATAFLOW,OECD.GOV.GIP:DSD_GOV@DF_GOV_PF_2025(1.0),"Public finance main indicators - government at a glance, 2025 edition",I,A,Annual,JPN,Japan,GE,Government expenditures,PT_B1GQ,Percentage of GDP,S13,General government,2025,2025,PF,Public finance,2023,,40.6,,A,Normal value,0,Units,_Z,Not applicable,,
DATAFLOW,OECD.GOV.GIP:DSD_GOV@DF_GOV_PF_2025(1.0),"Public finance main indicators - government at a glance, 2025 edition",I,A,Annual,JPN,Japan,GE,Government expenditures,PT_B1GQ,Percentage of GDP,S13,General government,2025,2025,PF,Public finance,2022,,43.29,,A,Normal value,0,Units,_Z,Not applicable,,
DATAFLOW,OECD.GOV.GIP:DSD_GOV@DF_GOV_PF_2025(1.0),"Public finance main indicators - government at a glance, 2025 edition",I,A,Annual,KOR,Korea,GE,Government expenditures,USD_PPP,"US dollars, PPP converted",S13,General government,2025,2025,PF,Public finance,2022,,1053531.53,,A,Normal value,6,Millions,V,Current prices,,
DATAFLOW,OECD.GOV.GIP:DSD_GOV@DF_GOV_PF_2025(1.0),"Public finance main indicators - government at a glance, 2025 edition",I,A,Annual,KOR,Korea,GE,Government expenditures,PT_B1GQ,Percentage of GDP,S13,General government,2025,2025,PF,Public finance,2023,,35.16,,A,Normal value,0,Units,_Z,Not applicable,,
DATAFLOW,OECD.GOV.GIP:DSD_GOV@DF_GOV_PF_2025(1.0),"Public finance main indicators - government at a glance, 2025 edition",I,A,Annual,KOR,Korea,GE,Government expenditures,PT_B1GQ,Percentage of GDP,S13,General government,2025,2025,PF,Public finance,2022,,37.02,,A,Normal value,0,Units,_Z,Not applicable,,
DATAFLOW,OECD.GOV.GIP:DSD_GOV@DF_GOV_PF_2025(1.0),"Public finance main indicators - government at a glance, 2025 edition",I,A,Annual,LVA,Latvia,GE,Government expenditures,PT_B1GQ,Percentage of GDP,S13,General government,2025,2025,PF,Public finance,2024,,45.68,,A,Normal value,0,Units,_Z,Not applicable,,
DATAFLOW,OECD.GOV.GIP:DSD_GOV@DF_GOV_PF_2025(1.0),"Public finance main indicators - government at a glance, 2025 edition",I,A,Annual,LVA,Latvia,GE,Government expenditures,PT_B1GQ,Percentage of GDP,S13,General government,2025,2025,PF,Public finance,2023,,43.65,,A,Normal value,0,Units,_Z,Not applicable,,
DATAFLOW,OECD.GOV.GIP:DSD_GOV@DF_GOV_PF_2025(1.0),"Public finance main indicators - government at a glance, 2025 edition",I,A,Annual,LVA,Latvia,GE,Government expenditures,PT_B1GQ,Percentage of GDP,S13,General government,2025,2025,PF,Public finance,2022,,44.22,,A,Normal value,0,Units,_Z,Not applicable,,
DATAFLOW,OECD.GOV.GIP:DSD_GOV@DF_GOV_PF_2025(1.0),"Public finance main indicators - government at a glance, 2025 edition",I,A,Annual,LVA,Latvia,GE,Government expenditures,USD_PPP,"US dollars, PPP converted",S13,General government,2025,2025,PF,Public finance,2024,,36350.96,,A,Normal value,6,Millions,V,Current prices,,
DATAFLOW,OECD.GOV.GIP:DSD_GOV@DF_GOV_PF_2025(1.0),"Public finance main indicators - government at a glance, 2025 edition",I,A,Annual,LVA,Latvia,GE,Government expenditures,USD_PPP,"US dollars, PPP converted",S13,General government,2025,2025,PF,Public finance,2023,,34266.06,,A,Normal value,6,Millions,V,Current prices,,
DATAFLOW,OECD.GOV.GIP:DSD_GOV@DF_GOV_PF_2025(1.0),"Public finance main indicators - government at a glance, 2025 edition",I,A,Annual,LTU,Lithuania,GE,Government expenditures,PT_B1GQ,Percentage of GDP,S13,General government,2025,2025,PF,Public finance,2024,,39.52,,A,Normal value,0,Units,_Z,Not applicable,,
DATAFLOW,OECD.GOV.GIP:DSD_GOV@DF_GOV_PF_2025(1.0),"Public finance main indicators - government at a glance, 2025 edition",I,A,Annual,LTU,Lithuania,GE,Government expenditures,PT_B1GQ,Percentage of GDP,S13,General government,2025,2025,PF,Public finance,2023,,37.38,,A,Normal value,0,Units,_Z,Not applicable,,
DATAFLOW,OECD.GOV.GIP:DSD_GOV@DF_GOV_PF_2025(1.0),"Public finance main indicators - government at a glance, 2025 edition",I,A,Annual,LTU,Lithuania,GE,Government expenditures,PT_B1GQ,Percentage of GDP,S13,General government,2025,2025,PF,Public finance,2022,,36.26,,A,Normal value,0,Units,_Z,Not applicable,,
DATAFLOW,OECD.GOV.GIP:DSD_GOV@DF_GOV_PF_2025(1.0),"Public finance main indicators - government at a glance, 2025 edition",I,A,Annual,LTU,Lithuania,GE,Government expenditures,USD_PPP,"US dollars, PPP converted",S13,General government,2025,2025,PF,Public finance,2024,,60294.25,,A,Normal value,6,Millions,V,Current prices,,
DATAFLOW,OECD.GOV.GIP:DSD_GOV@DF_GOV_PF_2025(1.0),"Public finance main indicators - government at a glance, 2025 edition",I,A,Annual,LTU,Lithuania,GE,Government expenditures,USD_PPP,"US dollars, PPP converted",S13,General government,2025,2025,PF,Public finance,2023,,54646.66,,A,Normal value,6,Millions,V,Current prices,,
DATAFLOW,OECD.GOV.GIP:DSD_GOV@DF_GOV_PF_2025(1.0),"Public finance main indicators - government at a glance, 2025 edition",I,A,Annual,LUX,Luxembourg,GE,Government expenditures,PT_B1GQ,Percentage of GDP,S13,General government,2025,2025,PF,Public finance,2024,,46.91,,A,Normal value,0,Units,_Z,Not applicable,,
DATAFLOW,OECD.GOV.GIP:DSD_GOV@DF_GOV_PF_2025(1.0),"Public finance main indicators - government at a glance, 2025 edition",I,A,Annual,LUX,Luxembourg,GE,Government expenditures,PT_B1GQ,Percentage of GDP,S13,General government,2025,2025,PF,Public finance,2023,,47.01,,A,Normal value,0,Units,_Z,Not applicable,,
DATAFLOW,OECD.GOV.GIP:DSD_GOV@DF_GOV_PF_2025(1.0),"Public finance main indicators - government at a glance, 2025 edition",I,A,Annual,LUX,Luxembourg,GE,Government expenditures,PT_B1GQ,Percentage of GDP,S13,General government,2025,2025,PF,Public finance,2022,,44.31,,A,Normal value,0,Units,_Z,Not applicable,,
DATAFLOW,OECD.GOV.GIP:DSD_GOV@DF_GOV_PF_2025(1.0),"Public finance main indicators - government at a glance, 2025 edition",I,A,Annual,LUX,Luxembourg,GE,Government expenditures,USD_PPP,"US dollars, PPP converted",S13,General government,2025,2025,PF,Public finance,2024,,46306.77,,A,Normal value,6,Millions,V,Current prices,,
DATAFLOW,OECD.GOV.GIP:DSD_GOV@DF_GOV_PF_2025(1.0),"Public finance main indicators - government at a glance, 2025 edition",I,A,Annual,LUX,Luxembourg,GE,Government expenditures,USD_PPP,"US dollars, PPP converted",S13,General government,2025,2025,PF,Public finance,2023,,44619.48,,A,Normal value,6,Millions,V,Current prices,,
DATAFLOW,OECD.GOV.GIP:DSD_GOV@DF_GOV_PF_2025(1.0),"Public finance main indicators - government at a glance, 2025 edition",I,A,Annual,MEX,Mexico,GE,Government expenditures,USD_PPP,"US dollars, PPP converted",S13,General government,2025,2025,PF,Public finance,2022,,798149.58,,A,Normal value,6,Millions,V,Current prices,,
DATAFLOW,OECD.GOV.GIP:DSD_GOV@DF_GOV_PF_2025(1.0),"Public finance main indicators - government at a glance, 2025 edition",I,A,Annual,MEX,Mexico,GE,Government expenditures,PT_B1GQ,Percentage of GDP,S13,General government,2025,2025,PF,Public finance,2023,,27.42,,A,Normal value,0,Units,_Z,Not applicable,,
DATAFLOW,OECD.GOV.GIP:DSD_GOV@DF_GOV_PF_2025(1.0),"Public finance main indicators - government at a glance, 2025 edition",I,A,Annual,MEX,Mexico,GE,Government expenditures,PT_B1GQ,Percentage of GDP,S13,General government,2025,2025,PF,Public finance,2022,,26.54,,A,Normal value,0,Units,_Z,Not applicable,,
DATAFLOW,OECD.GOV.GIP:DSD_GOV@DF_GOV_PF_2025(1.0),"Public finance main indicators - government at a glance, 2025 edition",I,A,Annual,NLD,Netherlands,GE,Government expenditures,PT_B1GQ,Percentage of GDP,S13,General government,2025,2025,PF,Public finance,2023,,43.2,,P,Provisional value,0,Units,_Z,Not applicable,,
DATAFLOW,OECD.GOV.GIP:DSD_GOV@DF_GOV_PF_2025(1.0),"Public finance main indicators - government at a glance, 2025 edition",I,A,Annual,NLD,Netherlands,GE,Government expenditures,USD_PPP,"US dollars, PPP converted",S13,General government,2025,2025,PF,Public finance,2022,,590540.82,,A,Normal value,6,Millions,V,Current prices,,
DATAFLOW,OECD.GOV.GIP:DSD_GOV@DF_GOV_PF_2025(1.0),"Public finance main indicators - government at a glance, 2025 edition",I,A,Annual,NLD,Netherlands,GE,Government expenditures,PT_B1GQ,Percentage of GDP,S13,General government,2025,2025,PF,Public finance,2022,,43.24,,A,Normal value,0,Units,_Z,Not applicable,,
DATAFLOW,OECD.GOV.GIP:DSD_GOV@DF_GOV_PF_2025(1.0),"Public finance main indicators - government at a glance, 2025 edition",I,A,Annual,NLD,Netherlands,GE,Government expenditures,USD_PPP,"US dollars, PPP converted",S13,General government,2025,2025,PF,Public finance,2024,,644535.15,,P,Provisional value,6,Millions,V,Current prices,,
DATAFLOW,OECD.GOV.GIP:DSD_GOV@DF_GOV_PF_2025(1.0),"Public finance main indicators - government at a glance, 2025 edition",I,A,Annual,NLD,Netherlands,GE,Government expenditures,PT_B1GQ,Percentage of GDP,S13,General government,2025,2025,PF,Public finance,2024,,43.86,,P,Provisional value,0,Units,_Z,Not applicable,,
DATAFLOW,OECD.GOV.GIP:DSD_GOV@DF_GOV_PF_2025(1.0),"Public finance main indicators - government at a glance, 2025 edition",I,A,Annual,NZL,New Zealand,GE,Government expenditures,USD_PPP,"US dollars, PPP converted",S13,General government,2025,2025,PF,Public finance,2022,,117375.99,,A,Normal value,6,Millions,V,Current prices,,
DATAFLOW,OECD.GOV.GIP:DSD_GOV@DF_GOV_PF_2025(1.0),"Public finance main indicators - government at a glance, 2025 edition",I,A,Annual,NZL,New Zealand,GE,Government expenditures,PT_B1GQ,Percentage of GDP,S13,General government,2025,2025,PF,Public finance,2023,,44.04,,A,Normal value,0,Units,_Z,Not applicable,,
DATAFLOW,OECD.GOV.GIP:DSD_GOV@DF_GOV_PF_2025(1.0),"Public finance main indicators - government at a glance, 2025 edition",I,A,Annual,NZL,New Zealand,GE,Government expenditures,PT_B1GQ,Percentage of GDP,S13,General government,2025,2025,PF,Public finance,2022,,42.76,,A,Normal value,0,Units,_Z,Not applicable,,
DATAFLOW,OECD.GOV.GIP:DSD_GOV@DF_GOV_PF_2025(1.0),"Public finance main indicators - government at a glance, 2025 edition",I,A,Annual,NOR,Norway,GE,Government expenditures,PT_B1GQ,Percentage of GDP,S13,General government,2025,2025,PF,Public finance,2024,,49.3,,A,Normal value,0,Units,_Z,Not applicable,,
DATAFLOW,OECD.GOV.GIP:DSD_GOV@DF_GOV_PF_2025(1.0),"Public finance main indicators - government at a glance, 2025 edition",I,A,Annual,NOR,Norway,GE,Government expenditures,PT_B1GQ,Percentage of GDP,S13,General government,2025,2025,PF,Public finance,2023,,46.75,,A,Normal value,0,Units,_Z,Not applicable,,
DATAFLOW,OECD.GOV.GIP:DSD_GOV@DF_GOV_PF_2025(1.0),"Public finance main indicators - government at a glance, 2025 edition",I,A,Annual,NOR,Norway,GE,Government expenditures,PT_B1GQ,Percentage of GDP,S13,General government,2025,2025,PF,Public finance,2022,,38.15,,A,Normal value,0,Units,_Z,Not applicable,,
DATAFLOW,OECD.GOV.GIP:DSD_GOV@DF_GOV_PF_2025(1.0),"Public finance main indicators - government at a glance, 2025 edition",I,A,Annual,NOR,Norway,GE,Government expenditures,USD_PPP,"US dollars, PPP converted",S13,General government,2025,2025,PF,Public finance,2024,,285805.61,,A,Normal value,6,Millions,V,Current prices,,
DATAFLOW,OECD.GOV.GIP:DSD_GOV@DF_GOV_PF_2025(1.0),"Public finance main indicators - government at a glance, 2025 edition",I,A,Annual,NOR,Norway,GE,Government expenditures,USD_PPP,"US dollars, PPP converted",S13,General government,2025,2025,PF,Public finance,2023,,259167.46,,A,Normal value,6,Millions,V,Current prices,,
DATAFLOW,OECD.GOV.GIP:DSD_GOV@DF_GOV_PF_2025(1.0),"Public finance main indicators - government at a glance, 2025 edition",I,A,Annual,POL,Poland,GE,Government expenditures,PT_B1GQ,Percentage of GDP,S13,General government,2025,2025,PF,Public finance,2024,,49.41,,A,Normal value,0,Units,_Z,Not applicable,,
DATAFLOW,OECD.GOV.GIP:DSD_GOV@DF_GOV_PF_2025(1.0),"Public finance main indicators - government at a glance, 2025 edition",I,A,Annual,POL,Poland,GE,Government expenditures,PT_B1GQ,Percentage of GDP,S13,General government,2025,2025,PF,Public finance,2023,,46.86,,A,Normal value,0,Units,_Z,Not applicable,,
DATAFLOW,OECD.GOV.GIP:DSD_GOV@DF_GOV_PF_2025(1.0),"Public finance main indicators - government at a glance, 2025 edition",I,A,Annual,POL,Poland,GE,Government expenditures,PT_B1GQ,Percentage of GDP,S13,General government,2025,2025,PF,Public finance,2022,,43.25,,A,Normal value,0,Units,_Z,Not applicable,,
DATAFLOW,OECD.GOV.GIP:DSD_GOV@DF_GOV_PF_2025(1.0),"Public finance main indicators - government at a glance, 2025 edition",I,A,Annual,POL,Poland,GE,Government expenditures,USD_PPP,"US dollars, PPP converted",S13,General government,2025,2025,PF,Public finance,2024,,883895.29,,A,Normal value,6,Millions,V,Current prices,,
DATAFLOW,OECD.GOV.GIP:DSD_GOV@DF_GOV_PF_2025(1.0),"Public finance main indicators - government at a glance, 2025 edition",I,A,Annual,POL,Poland,GE,Government expenditures,USD_PPP,"US dollars, PPP converted",S13,General government,2025,2025,PF,Public finance,2023,,803915.95,,A,Normal value,6,Millions,V,Current prices,,
DATAFLOW,OECD.GOV.GIP:DSD_GOV@DF_GOV_PF_2025(1.0),"Public finance main indicators - government at a glance, 2025 edition",I,A,Annual,PRT,Portugal,GE,Government expenditures,PT_B1GQ,Percentage of GDP,S13,General government,2025,2025,PF,Public finance,2024,,42.77,,A,Normal value,0,Units,_Z,Not applicable,,
DATAFLOW,OECD.GOV.GIP:DSD_GOV@DF_GOV_PF_2025(1.0),"Public finance main indicators - government at a glance, 2025 edition",I,A,Annual,PRT,Portugal,GE,Government expenditures,PT_B1GQ,Percentage of GDP,S13,General government,2025,2025,PF,Public finance,2023,,42.31,,A,Normal value,0,Units,_Z,Not applicable,,
DATAFLOW,OECD.GOV.GIP:DSD_GOV@DF_GOV_PF_2025(1.0),"Public finance main indicators - government at a glance, 2025 edition",I,A,Annual,PRT,Portugal,GE,Government expenditures,PT_B1GQ,Percentage of GDP,S13,General government,2025,2025,PF,Public finance,2022,,43.87,,A,Normal value,0,Units,_Z,Not applicable,,
DATAFLOW,OECD.GOV.GIP:DSD_GOV@DF_GOV_PF_2025(1.0),"Public finance main indicators - government at a glance, 2025 edition",I,A,Annual,PRT,Portugal,GE,Government expenditures,USD_PPP,"US dollars, PPP converted",S13,General government,2025,2025,PF,Public finance,2024,,225033.16,,A,Normal value,6,Millions,V,Current prices,,
DATAFLOW,OECD.GOV.GIP:DSD_GOV@DF_GOV_PF_2025(1.0),"Public finance main indicators - government at a glance, 2025 edition",I,A,Annual,PRT,Portugal,GE,Government expenditures,USD_PPP,"US dollars, PPP converted",S13,General government,2025,2025,PF,Public finance,2023,,212269.54,,A,Normal value,6,Millions,V,Current prices,,
DATAFLOW,OECD.GOV.GIP:DSD_GOV@DF_GOV_PF_2025(1.0),"Public finance main indicators - government at a glance, 2025 edition",I,A,Annual,SVK,Slovak Republic,GE,Government expenditures,PT_B1GQ,Percentage of GDP,S13,General government,2025,2025,PF,Public finance,2022,,43.01,,A,Normal value,0,Units,_Z,Not applicable,,
DATAFLOW,OECD.GOV.GIP:DSD_GOV@DF_GOV_PF_2025(1.0),"Public finance main indicators - government at a glance, 2025 edition",I,A,Annual,SVK,Slovak Republic,GE,Government expenditures,USD_PPP,"US dollars, PPP converted",S13,General government,2025,2025,PF,Public finance,2024,,116978.21,,A,Normal value,6,Millions,V,Current prices,,
DATAFLOW,OECD.GOV.GIP:DSD_GOV@DF_GOV_PF_2025(1.0),"Public finance main indicators - government at a glance, 2025 edition",I,A,Annual,SVK,Slovak Republic,GE,Government expenditures,USD_PPP,"US dollars, PPP converted",S13,General government,2025,2025,PF,Public finance,2023,,114458.45,,A,Normal value,6,Millions,V,Current prices,,
DATAFLOW,OECD.GOV.GIP:DSD_GOV@DF_GOV_PF_2025(1.0),"Public finance main indicators - government at a glance, 2025 edition",I,A,Annual,SVK,Slovak Republic,GE,Government expenditures,USD_PPP,"US dollars, PPP converted",S13,General government,2025,2025,PF,Public finance,2022,,96003.23,,A,Normal value,6,Millions,V,Current prices,,
DATAFLOW,OECD.GOV.GIP:DSD_GOV@DF_GOV_PF_2025(1.0),"Public finance main indicators - government at a glance, 2025 edition",I,A,Annual,SVK,Slovak Republic,GE,Government expenditures,PT_B1GQ,Percentage of GDP,S13,General government,2025,2025,PF,Public finance,2024,,47.12,,A,Normal value,0,Units,_Z,Not applicable,,
DATAFLOW,OECD.GOV.GIP:DSD_GOV@DF_GOV_PF_2025(1.0),"Public finance main indicators - government at a glance, 2025 edition",I,A,Annual,SVN,Slovenia,GE,Government expenditures,PT_B1GQ,Percentage of GDP,S13,General government,2025,2025,PF,Public finance,2024,,46.78,,A,Normal value,0,Units,_Z,Not applicable,,
DATAFLOW,OECD.GOV.GIP:DSD_GOV@DF_GOV_PF_2025(1.0),"Public finance main indicators - government at a glance, 2025 edition",I,A,Annual,SVN,Slovenia,GE,Government expenditures,PT_B1GQ,Percentage of GDP,S13,General government,2025,2025,PF,Public finance,2023,,46.5,,A,Normal value,0,Units,_Z,Not applicable,,
DATAFLOW,OECD.GOV.GIP:DSD_GOV@DF_GOV_PF_2025(1.0),"Public finance main indicators - government at a glance, 2025 edition",I,A,Annual,SVN,Slovenia,GE,Government expenditures,PT_B1GQ,Percentage of GDP,S13,General government,2025,2025,PF,Public finance,2022,,47.65,,A,Normal value,0,Units,_Z,Not applicable,,
DATAFLOW,OECD.GOV.GIP:DSD_GOV@DF_GOV_PF_2025(1.0),"Public finance main indicators - government at a glance, 2025 edition",I,A,Annual,SVN,Slovenia,GE,Government expenditures,USD_PPP,"US dollars, PPP converted",S13,General government,2025,2025,PF,Public finance,2024,,54575.56,,A,Normal value,6,Millions,V,Current prices,,
DATAFLOW,OECD.GOV.GIP:DSD_GOV@DF_GOV_PF_2025(1.0),"Public finance main indicators - government at a glance, 2025 edition",I,A,Annual,SVN,Slovenia,GE,Government expenditures,USD_PPP,"US dollars, PPP converted",S13,General government,2025,2025,PF,Public finance,2023,,53203.17,,A,Normal value,6,Millions,V,Current prices,,
DATAFLOW,OECD.GOV.GIP:DSD_GOV@DF_GOV_PF_2025(1.0),"Public finance main indicators - government at a glance, 2025 edition",I,A,Annual,ESP,Spain,GE,Government expenditures,PT_B1GQ,Percentage of GDP,S13,General government,2025,2025,PF,Public finance,2024,,45.42,,A,Normal value,0,Units,_Z,Not applicable,,
DATAFLOW,OECD.GOV.GIP:DSD_GOV@DF_GOV_PF_2025(1.0),"Public finance main indicators - government at a glance, 2025 edition",I,A,Annual,ESP,Spain,GE,Government expenditures,PT_B1GQ,Percentage of GDP,S13,General government,2025,2025,PF,Public finance,2023,,45.45,,A,Normal value,0,Units,_Z,Not applicable,,
DATAFLOW,OECD.GOV.GIP:DSD_GOV@DF_GOV_PF_2025(1.0),"Public finance main indicators - government at a glance, 2025 edition",I,A,Annual,ESP,Spain,GE,Government expenditures,PT_B1GQ,Percentage of GDP,S13,General government,2025,2025,PF,Public finance,2022,,46.38,,A,Normal value,0,Units,_Z,Not applicable,,
DATAFLOW,OECD.GOV.GIP:DSD_GOV@DF_GOV_PF_2025(1.0),"Public finance main indicators - government at a glance, 2025 edition",I,A,Annual,ESP,Spain,GE,Government expenditures,USD_PPP,"US dollars, PPP converted",S13,General government,2025,2025,PF,Public finance,2024,,1224818.1,,A,Normal value,6,Millions,V,Current prices,,
DATAFLOW,OECD.GOV.GIP:DSD_GOV@DF_GOV_PF_2025(1.0),"Public finance main indicators - government at a glance, 2025 edition",I,A,Annual,ESP,Spain,GE,Government expenditures,USD_PPP,"US dollars, PPP converted",S13,General government,2025,2025,PF,Public finance,2023,,1169618.69,,A,Normal value,6,Millions,V,Current prices,,
DATAFLOW,OECD.GOV.GIP:DSD_GOV@DF_GOV_PF_2025(1.0),"Public finance main indicators - government at a glance, 2025 edition",I,A,Annual,SWE,Sweden,GE,Government expenditures,PT_B1GQ,Percentage of GDP,S13,General government,2025,2025,PF,Public finance,2024,,50,,A,Normal value,0,Units,_Z,Not applicable,,
DATAFLOW,OECD.GOV.GIP:DSD_GOV@DF_GOV_PF_2025(1.0),"Public finance main indicators - government at a glance, 2025 edition",I,A,Annual,SWE,Sweden,GE,Government expenditures,PT_B1GQ,Percentage of GDP,S13,General government,2025,2025,PF,Public finance,2023,,49.36,,A,Normal value,0,Units,_Z,Not applicable,,
DATAFLOW,OECD.GOV.GIP:DSD_GOV@DF_GOV_PF_2025(1.0),"Public finance main indicators - government at a glance, 2025 edition",I,A,Annual,SWE,Sweden,GE,Government expenditures,PT_B1GQ,Percentage of GDP,S13,General government,2025,2025,PF,Public finance,2022,,48.92,,A,Normal value,0,Units,_Z,Not applicable,,
DATAFLOW,OECD.GOV.GIP:DSD_GOV@DF_GOV_PF_2025(1.0),"Public finance main indicators - government at a glance, 2025 edition",I,A,Annual,SWE,Sweden,GE,Government expenditures,USD_PPP,"US dollars, PPP converted",S13,General government,2025,2025,PF,Public finance,2024,,365519.61,,A,Normal value,6,Millions,V,Current prices,,
DATAFLOW,OECD.GOV.GIP:DSD_GOV@DF_GOV_PF_2025(1.0),"Public finance main indicators - government at a glance, 2025 edition",I,A,Annual,SWE,Sweden,GE,Government expenditures,USD_PPP,"US dollars, PPP converted",S13,General government,2025,2025,PF,Public finance,2023,,349776.68,,A,Normal value,6,Millions,V,Current prices,,
DATAFLOW,OECD.GOV.GIP:DSD_GOV@DF_GOV_PF_2025(1.0),"Public finance main indicators - government at a glance, 2025 edition",I,A,Annual,CHE,Switzerland,GE,Government expenditures,USD_PPP,"US dollars, PPP converted",S13,General government,2025,2025,PF,Public finance,2022,,262661.65,,A,Normal value,6,Millions,V,Current prices,,
DATAFLOW,OECD.GOV.GIP:DSD_GOV@DF_GOV_PF_2025(1.0),"Public finance main indicators - government at a glance, 2025 edition",I,A,Annual,CHE,Switzerland,GE,Government expenditures,PT_B1GQ,Percentage of GDP,S13,General government,2025,2025,PF,Public finance,2023,,33.2,,A,Normal value,0,Units,_Z,Not applicable,,
DATAFLOW,OECD.GOV.GIP:DSD_GOV@DF_GOV_PF_2025(1.0),"Public finance main indicators - government at a glance, 2025 edition",I,A,Annual,CHE,Switzerland,GE,Government expenditures,PT_B1GQ,Percentage of GDP,S13,General government,2025,2025,PF,Public finance,2022,,32.77,,A,Normal value,0,Units,_Z,Not applicable,,
DATAFLOW,OECD.GOV.GIP:DSD_GOV@DF_GOV_PF_2025(1.0),"Public finance main indicators - government at a glance, 2025 edition",I,A,Annual,GBR,United Kingdom,GE,Government expenditures,PT_B1GQ,Percentage of GDP,S13,General government,2025,2025,PF,Public finance,2024,,46.58,,A,Normal value,0,Units,_Z,Not applicable,,
DATAFLOW,OECD.GOV.GIP:DSD_GOV@DF_GOV_PF_2025(1.0),"Public finance main indicators - government at a glance, 2025 edition",I,A,Annual,GBR,United Kingdom,GE,Government expenditures,PT_B1GQ,Percentage of GDP,S13,General government,2025,2025,PF,Public finance,2023,,47.13,,A,Normal value,0,Units,_Z,Not applicable,,
DATAFLOW,OECD.GOV.GIP:DSD_GOV@DF_GOV_PF_2025(1.0),"Public finance main indicators - government at a glance, 2025 edition",I,A,Annual,GBR,United Kingdom,GE,Government expenditures,PT_B1GQ,Percentage of GDP,S13,General government,2025,2025,PF,Public finance,2022,,46.56,,A,Normal value,0,Units,_Z,Not applicable,,
DATAFLOW,OECD.GOV.GIP:DSD_GOV@DF_GOV_PF_2025(1.0),"Public finance main indicators - government at a glance, 2025 edition",I,A,Annual,GBR,United Kingdom,GE,Government expenditures,USD_PPP,"US dollars, PPP converted",S13,General government,2025,2025,PF,Public finance,2024,,1913138.06,,A,Normal value,6,Millions,V,Current prices,,
DATAFLOW,OECD.GOV.GIP:DSD_GOV@DF_GOV_PF_2025(1.0),"Public finance main indicators - government at a glance, 2025 edition",I,A,Annual,GBR,United Kingdom,GE,Government expenditures,USD_PPP,"US dollars, PPP converted",S13,General government,2025,2025,PF,Public finance,2023,,1869600.78,,A,Normal value,6,Millions,V,Current prices,,
DATAFLOW,OECD.GOV.GIP:DSD_GOV@DF_GOV_PF_2025(1.0),"Public finance main indicators - government at a glance, 2025 edition",I,A,Annual,USA,United States,GE,Government expenditures,USD_PPP,"US dollars, PPP converted",S13,General government,2025,2025,PF,Public finance,2022,,9977766.81,,A,Normal value,6,Millions,V,Current prices,,
DATAFLOW,OECD.GOV.GIP:DSD_GOV@DF_GOV_PF_2025(1.0),"Public finance main indicators - government at a glance, 2025 edition",I,A,Annual,USA,United States,GE,Government expenditures,PT_B1GQ,Percentage of GDP,S13,General government,2025,2025,PF,Public finance,2023,,39.13,,A,Normal value,0,Units,_Z,Not applicable,,
DATAFLOW,OECD.GOV.GIP:DSD_GOV@DF_GOV_PF_2025(1.0),"Public finance main indicators - government at a glance, 2025 edition",I,A,Annual,USA,United States,GE,Government expenditures,PT_B1GQ,Percentage of GDP,S13,General government,2025,2025,PF,Public finance,2022,,38.37,,A,Normal value,0,Units,_Z,Not applicable,,
